item,weight_kg,weight_lbs
large wooden tablet,0.613,1.351
leather sea turtle,190.143,419.194
classroom plastic plate,0.573,1.263
outdoor plastic banana,0.103,0.227
paper pickup truck,2358.091,5198.701
garage wooden small dog,5.77,12.721
classroom metal blender,3.621,7.983
lightweight wooden plate,0.473,1.043
heavy-duty metal seagull,1.387,3.058
classroom ceramic octopus,16.923,37.309
bathroom computer mouse,0.099,0.218
heavy-duty glass lizard,0.255,0.562
small metal strawberry,0.011,0.024
kitchen ceramic pear,0.197,0.434
kitchen ceramic ferret,1.176,2.593
kitchen wooden blanket,1.568,3.457
paper sea lion,289.316,637.833
kitchen ceramic owl,2.023,4.46
small ceramic spoon,0.034,0.075
garage ceramic snake,2.23,4.916
classroom ceramic lawn mower,36.62,80.733
paper winter coat,1.573,3.468
classroom ceramic door,25.386,55.967
kitchen metal train car,30602.568,67467.114
small door,19.868,43.801
large muffin,0.116,0.256
kitchen wooden kettle,0.995,2.194
small metal lobster,1.079,2.379
kitchen jar of peanut butter,1.023,2.255
lightweight plastic screwdriver,0.169,0.373
outdoor ceramic backpack,0.968,2.134
outdoor ceramic squirrel,0.576,1.27
classroom glass floor fan,2.928,6.455
large wooden digital camera,0.602,1.327
lightweight glass paint roller,0.541,1.193
classroom wooden shovel,1.519,3.349
garage wooden eraser,0.022,0.049
large plastic frog,0.056,0.123
garage plastic coyote,13.306,29.335
kitchen glass duck,3.367,7.423
standard space heater,2.366,5.216
small metal compact car,1117.49,2463.644
bathroom elk,328.316,723.813
garage wooden loaf of bread,0.653,1.44
kitchen glass city bus,12146.99,26779.529
small rubber ladder,6.358,14.017
outdoor metal turkey,8.463,18.658
heavy-duty glass ladder,10.55,23.259
heavy-duty wooden hedgehog,0.917,2.022
rubber power drill,2.068,4.559
large metal socks,0.075,0.165
small rubber box of cereal,0.381,0.84
small glass strawberry,0.011,0.024
bedroom domestic cat,4.566,10.066
rubber goat,55.146,121.576
kitchen sofa,47.306,104.292
heavy-duty plastic tiger,236.505,521.404
classroom wooden water bottle,1.011,2.229
folding tape roll,0.083,0.183
portable sweet potato,0.265,0.584
lightweight glass circular saw,3.23,7.121
lightweight wooden octopus,11.701,25.796
garage glass motorboat,3277.012,7224.575
outdoor wooden iron,1.441,3.177
kitchen wooden fire extinguisher,3.39,7.474
large coffee beans bag,0.493,1.087
compact bluetooth speaker,0.55,1.213
garage glass flour bag,2.002,4.414
outdoor metal laptop computer,1.846,4.07
heavy-duty wooden textbook,1.483,3.269
garage lizard,0.202,0.445
large plastic sea turtle,187.499,413.365
ceramic mouse,0.027,0.06
classroom plastic pliers,0.33,0.728
outdoor ceramic penguin,29.449,64.924
classroom glass tape dispenser,0.389,0.858
glass bowl,0.49,1.08
kitchen glass sheep,80.043,176.465
lightweight ceramic winter coat,1.275,2.811
lightweight plastic toaster,1.341,2.956
large ceramic winter coat,1.885,4.156
bedroom keyboard,0.779,1.717
large ceramic city bus,13942.06,30736.981
rubber television,9.522,20.992
kitchen wooden chocolate bar,0.049,0.108
garage ceramic turkey,7.986,17.606
small plastic binder,0.445,0.981
classroom plastic bluetooth speaker,0.558,1.23
heavy-duty plastic chicken,2.861,6.307
kitchen plastic motorcycle,188.517,415.609
large wooden water bottle,1.186,2.615
garage SUV,2196.085,4841.539
large plastic beaver,20.053,44.209
classroom glass llama,168.868,372.29
lightweight metal tennis racket,0.281,0.619
large paint brush,0.184,0.406
outdoor ceramic small dog,6.196,13.66
outdoor ceramic tape dispenser,0.369,0.814
heavy-duty glass ferret,1.489,3.283
large horse,537.622,1185.254
portable bagel,0.109,0.24
plastic school bus,13122.426,28929.997
hand saw,0.73,1.609
leather SUV,1981.019,4367.399
garage wooden yogurt cup,0.162,0.357
outdoor glass bath towel,0.642,1.415
small plastic power bank,0.211,0.465
small wooden toaster,1.549,3.415
rubber beaver,20.698,45.631
large metal tape roll,0.106,0.234
garage ceramic train car,30216.958,66616.989
large plastic ladder,8.44,18.607
garage glass coffee beans bag,0.508,1.12
kitchen ceramic bowl,0.543,1.197
outdoor glass bag of chips,0.199,0.439
outdoor plastic wolf,42.532,93.767
compact llama,129.827,286.22
metal volleyball,0.279,0.615
standard washing machine,72.217,159.211
small rubber clipboard,0.359,0.791
kitchen metal bottle of juice,1.225,2.701
lightweight rubber kitchen towel,0.15,0.331
heavy-duty plastic calculator,0.208,0.459
classroom wooden pliers,0.335,0.739
garage wooden measuring tape,0.295,0.65
small glass bottle of juice,1.003,2.211
classroom wooden raccoon,8.207,18.093
outdoor glass cow,657.605,1449.771
large ceramic potato,0.326,0.719
heavy-duty rubber power bank,0.289,0.637
classroom plastic washing machine,67.947,149.797
small ceramic lunch box,0.335,0.739
standard desktop computer,8.01,17.659
kitchen plastic blender,2.803,6.18
lightweight rubber bluetooth speaker,0.468,1.032
lightweight wooden turkey,6.987,15.404
heavy-duty metal banana,0.165,0.364
rubber camel,547.345,1206.689
garage plastic flour bag,1.979,4.363
kitchen wooden owl,1.773,3.909
small wooden butterfly,0.001,0.002
large metal scissors,0.114,0.251
office ceramic mug,0.348,0.767
heavy-duty wooden muffin,0.133,0.293
large wooden pickup truck,2980.95,6571.87
small bowl,0.406,0.895
outdoor glass space heater,2.743,6.047
rubber winter coat,1.543,3.402
lightweight spoon,0.032,0.071
glass tennis racket,0.345,0.761
lightweight pen,0.008,0.018
classroom metal hand saw,0.712,1.57
lightweight ceramic guppy,0.004,0.009
classroom glass kayak,20.357,44.88
heavy-duty wooden game controller,0.363,0.8
small ceramic banana,0.117,0.258
lightweight iron,1.133,2.498
kitchen wooden screwdriver,0.27,0.595
garage wooden lizard,0.209,0.461
large ceramic screwdriver,0.325,0.717
lightweight seagull,0.755,1.664
classroom phone charger,0.069,0.152
heavy-duty glass electric scooter,23.837,52.552
large metal lion,238.165,525.064
kitchen glass small dog,5.794,12.774
lightweight wooden television,8.276,18.245
classroom wooden rice bag,1.012,2.231
large ant,0.003,0.007
rubber bed frame,31.849,70.215
large glass lobster,1.469,3.239
kitchen glass rabbit,2.187,4.822
classroom ceramic pen,0.011,0.024
wooden grape,0.005,0.011
portable marker,0.018,0.04
kitchen wooden lizard,0.196,0.432
leather head of lettuce,0.425,0.937
outdoor ceramic lunch box,0.377,0.831
small glass notebook,0.318,0.701
portable pencil sharpener,0.028,0.062
kitchen glass baseball,0.15,0.331
large ceramic guinea pig,1.3,2.866
garage metal airplane,44937.816,99070.926
large eraser,0.021,0.046
bathroom mattress,29.047,64.038
portable winter coat,1.394,3.073
small metal gecko,0.061,0.134
garage smartphone,0.166,0.366
folding laptop computer,1.564,3.448
classroom wooden scissors,0.088,0.194
classroom wooden dozen eggs,0.695,1.532
heavy-duty wooden rat,0.444,0.979
wooden helmet,0.346,0.763
rubber dolphin,189.276,417.282
outdoor glass tape dispenser,0.395,0.871
small rubber digital camera,0.404,0.891
tennis racket,0.341,0.752
large ceramic sailboat,9547.645,21048.954
hammer,0.911,2.008
small glass crab,1.27,2.8
metal tennis ball,0.062,0.137
outdoor metal turtle,3.44,7.584
lightweight metal skunk,3.761,8.292
heavy-duty spoon,0.045,0.099
classroom fork,0.037,0.082
outdoor elk,326.387,719.56
classroom ceramic hedgehog,0.767,1.691
small metal pear,0.16,0.353
small glass jar of peanut butter,0.981,2.163
classroom hoodie,0.559,1.232
compact hammer,0.86,1.896
kitchen ceramic piece of paper,0.005,0.011
kitchen plastic piece of paper,0.005,0.011
lightweight ceramic bluetooth speaker,0.536,1.182
small metal wheelbarrow,18.515,40.819
sports motorboat,2802.845,6179.215
portable sofa,42.583,93.879
heavy-duty glass desktop computer,10.583,23.332
classroom wooden fire extinguisher,3.495,7.705
kitchen metal pillow,0.921,2.03
heavy-duty wooden axe,2.759,6.083
plastic fork,0.037,0.082
classroom metal large dog,42.077,92.764
garage plastic iron,1.31,2.888
heavy-duty metal keyboard,1.102,2.429
office shark,467.998,1031.759
small jar of peanut butter,0.867,1.911
large rubber hawk,1.416,3.122
lightweight rubber grape,0.004,0.009
outdoor metal vacuum cleaner,7.591,16.735
kitchen wooden sofa,46.958,103.525
sports sparrow,0.024,0.053
kitchen plastic iron,1.328,2.928
plastic deer,84.205,185.64
outdoor plastic scissors,0.086,0.19
small ceramic zebra,310.575,684.701
classroom glass circular saw,4.114,9.07
standard phone charger,0.071,0.157
garage wooden octopus,15.438,34.035
portable sugar bag,0.893,1.969
outdoor metal smoke detector,0.185,0.408
large carton of milk,1.187,2.617
classroom wooden kitchen chair,5.393,11.89
garage metal pig,142.095,313.266
large metal air purifier,5.891,12.987
lightweight koala,10.147,22.37
large wooden space heater,3.162,6.971
classroom plastic hammer,0.819,1.806
lightweight wooden circular saw,3.422,7.544
desktop computer,8.219,18.12
outdoor glass ferret,1.261,2.78
heavy-duty ceramic wooden table,26.888,59.278
metal motorboat,3535.232,7793.852
standard seagull,0.934,2.059
large glass table knife,0.068,0.15
lightweight coyote,12.43,27.403
bathroom desktop computer,8.125,17.913
outdoor wooden frog,0.053,0.117
heavy-duty metal computer monitor,4.883,10.765
heavy-duty metal small dog,7.759,17.106
outdoor plastic wireless router,0.343,0.756
small scissors,0.075,0.165
large metal helmet,0.436,0.961
bathroom pencil,0.006,0.013
small plastic bottle of juice,0.786,1.733
small plastic sofa,37.551,82.786
small rubber pillow,0.809,1.784
garage honeybee,0.001,0.002
large rubber bag of chips,0.191,0.421
standard marker,0.021,0.046
outdoor bagel,0.109,0.24
lightweight ceramic crab,1.272,2.804
lightweight wooden tiger,175.968,387.943
lightweight plastic frog,0.035,0.077
outdoor plastic strawberry,0.01,0.022
heavy-duty glass otter,11.654,25.693
kitchen metal whale,34811.254,76745.678
classroom glass bookshelf,24.359,53.702
large wooden llama,181.386,399.888
small glass highlighter,0.014,0.031
small rubber koala,9.782,21.566
small glass ladder,7.433,16.387
classroom metal kangaroo,99.6,219.58
lightweight rubber eraser,0.016,0.035
small rubber bookshelf,20.465,45.118
classroom plastic koala,10.895,24.019
classroom ceramic basketball,0.66,1.455
small plastic sugar bag,0.755,1.664
lightweight glass jellyfish,0.819,1.806
lightweight rubber dishwasher,37.937,83.637
heavy-duty plastic squirrel,0.578,1.274
garage metal microwave oven,15.309,33.751
heavy-duty rubber giraffe,884.329,1949.612
large glass blanket,1.919,4.231
large wooden zebra,386.728,852.589
glass pencil sharpener,0.032,0.071
leather sparrow,0.024,0.053
classroom alpaca,66.101,145.728
small hoodie,0.494,1.089
classroom ceramic motorboat,3106.279,6848.173
heavy-duty printer,10.488,23.122
heavy-duty plastic baseball bat,0.996,2.196
small laptop computer,1.331,2.934
small gecko,0.055,0.121
garage butter stick,0.103,0.227
office baseball bat,0.964,2.125
small plastic goat,46.222,101.902
small rubber guinea pig,0.822,1.812
folding muffin,0.107,0.236
metal fox,6.651,14.663
large rubber baseball,0.176,0.388
garage glass hammer,0.919,2.026
office highlighter,0.014,0.031
wooden camel,642.813,1417.16
bedroom muffin,0.098,0.216
compact elk,295.499,651.464
garage metal kayak,22.193,48.927
metal chicken,2.65,5.842
standard sparrow,0.025,0.055
garage ceramic computer monitor,3.695,8.146
small metal phone charger,0.063,0.139
kitchen lamp,2.085,4.597
compact strawberry,0.011,0.024
outdoor plastic bookshelf,24.264,53.493
portable blanket,1.409,3.106
lightweight ceramic pig,109.607,241.642
kitchen glass coyote,15.309,33.751
lightweight rubber bowl,0.403,0.888
portable smoke detector,0.183,0.403
large ceramic armchair,32.768,72.241
leather tape dispenser,0.355,0.783
kitchen ceramic circular saw,4.209,9.279
ceramic giraffe,813.829,1794.186
outdoor plastic printer,7.935,17.494
small glass guppy,0.004,0.009
small metal paint brush,0.131,0.289
large metal llama,192.41,424.191
paper zebra,354.33,781.164
kitchen ceramic peach,0.155,0.342
large glass tomato,0.225,0.496
heavy-duty metal kitchen towel,0.28,0.617
large plastic whale,32714.605,72123.358
outdoor glass sailboat,7987.437,17609.284
small ceramic jar of peanut butter,0.883,1.947
garage plastic sugar bag,0.964,2.125
small skunk,3.227,7.114
large metal coffee maker,3.588,7.91
large ceramic SUV,2735.231,6030.152
lightweight rubber microwave oven,10.302,22.712
garage ceramic pigeon,0.357,0.787
heavy-duty wooden bed frame,45.953,101.309
wooden head of lettuce,0.417,0.919
garage plastic pencil,0.005,0.011
classroom glass giraffe,864.5,1905.896
outdoor plastic kitchen chair,4.237,9.341
outdoor plastic compact car,1078.851,2378.459
glass tennis ball,0.065,0.143
plastic apple,0.162,0.357
lightweight glass city bus,9989.512,22023.104
lightweight glass guinea pig,0.824,1.817
large glass bowl,0.621,1.369
large rubber wolf,49.601,109.351
kitchen wooden smartphone,0.185,0.408
heavy-duty ceramic box of cereal,0.529,1.166
outdoor plastic sofa,44.064,97.144
kitchen wooden armchair,27.611,60.872
kitchen metal t-shirt,0.198,0.437
lightweight ceramic mug,0.291,0.642
ceramic textbook,1.188,2.619
garage pear,0.184,0.406
heavy-duty rubber tiger,263.184,580.221
outdoor glass lamp,2.162,4.766
kitchen metal tape roll,0.088,0.194
wooden orange,0.202,0.445
large metal phone charger,0.09,0.198
kitchen metal phone charger,0.075,0.165
garage glass loaf of bread,0.586,1.292
large glass circular saw,4.926,10.86
kitchen wooden notebook,0.372,0.82
small glass refrigerator,77.738,171.383
kitchen wooden train car,30967.849,68272.42
kitchen ceramic hawk,1.254,2.765
compact coyote,12.639,27.864
outdoor wooden grizzly bear,261.883,577.353
large wooden alpaca,80.924,178.407
plastic tape dispenser,0.306,0.675
paper gecko,0.063,0.139
garage metal deer,91.609,201.963
kitchen glass grape,0.005,0.011
rubber school bus,12742.747,28092.948
heavy-duty wooden belt,0.223,0.492
kitchen glass flour bag,2.02,4.453
large plastic blueberry,0.002,0.004
small metal blender,3.17,6.989
glass guppy,0.005,0.011
small wooden smartphone,0.157,0.346
compact camel,560.159,1234.939
classroom glass hammer,0.991,2.185
heavy-duty glass pencil,0.007,0.015
outdoor glass dishwasher,49.045,108.126
heavy-duty ceramic air purifier,6.69,14.749
heavy-duty wooden sea turtle,225.43,496.988
lightweight wooden wireless router,0.267,0.589
large wooden clothes dryer,65.647,144.727
lightweight glass running shoes,0.641,1.413
garage jar of peanut butter,0.982,2.165
large bed frame,40.449,89.175
heavy-duty glass water bottle,1.219,2.687
kitchen blender,3.156,6.958
plastic small dog,5.461,12.039
leather elk,337.915,744.975
lightweight metal potato,0.206,0.454
large metal hawk,1.624,3.58
kitchen metal game controller,0.307,0.677
garage wooden grizzly bear,295.54,651.554
large metal lamp,2.393,5.276
small giraffe,715.202,1576.751
garage ceramic lamp,2.006,4.422
small wooden salmon,3.644,8.034
outdoor wooden sedan car,1488.741,3282.112
small wooden computer monitor,3.135,6.911
large wooden ice cream tub,1.135,2.502
large microwave oven,15.907,35.069
large wooden desktop computer,9.632,21.235
shark,472.746,1042.227
outdoor ceramic plate,0.631,1.391
large wooden piece of paper,0.006,0.013
small glass camel,548.924,1210.17
heavy-duty basketball,0.784,1.728
large metal colored pencil,0.006,0.013
garage metal horse,562.737,1240.623
kitchen metal yogurt cup,0.194,0.428
lightweight ceramic coffee beans bag,0.406,0.895
outdoor wooden calculator,0.195,0.43
small metal power bank,0.245,0.54
small rubber baseball bat,0.694,1.53
garage microwave oven,12.755,28.12
small rubber giraffe,669.202,1475.338
heavy-duty ceramic lamp,2.615,5.765
heavy-duty rubber baseball,0.159,0.351
small wooden pillow,0.833,1.836
garage plastic fork,0.034,0.075
leather scissors,0.088,0.194
office table knife,0.059,0.13
outdoor apple,0.168,0.37
outdoor blender,2.992,6.596
portable toaster,1.772,3.907
heavy-duty glass cucumber,0.384,0.847
small rubber helicopter,7371.805,16252.048
kitchen ceramic basketball,0.666,1.468
rubber llama,149.689,330.008
heavy-duty rubber apple,0.219,0.483
small glass gloves,0.111,0.245
heavy-duty plastic airplane,44817.353,98805.35
classroom wooden piece of paper,0.005,0.011
small rubber headphones,0.211,0.465
lightweight plastic zebra,242.21,533.982
plastic koala,11.863,26.153
outdoor gloves,0.126,0.278
garage ceramic broccoli,0.457,1.008
garage ceramic compact car,1185.887,2614.433
leather wolf,43.853,96.679
classroom plastic city bus,11872.092,26173.483
garage wooden bowl,0.546,1.204
large plastic sailboat,8117.188,17895.336
sports medium dog,23.687,52.221
heavy-duty wooden power bank,0.296,0.653
garage shark,539.812,1190.082
garage pillow,0.833,1.836
small plastic pen,0.007,0.015
heavy-duty wooden ladder,10.245,22.586
classroom ceramic horse,572.052,1261.159
heavy-duty ladder,9.646,21.266
wooden bath towel,0.573,1.263
kitchen wooden rabbit,2.025,4.464
outdoor floor fan,2.934,6.468
kitchen ceramic glass cup,0.3,0.661
heavy-duty glass ice cream tub,1.331,2.934
heavy-duty wooden pickup truck,3021.032,6660.235
kitchen donkey,380.764,839.441
large ice cream tub,1.121,2.471
office binder,0.585,1.29
glass shark,534.22,1177.753
compact hoodie,0.559,1.232
small metal cookie,0.02,0.044
bedroom whale,28477.008,62781.056
portable plate,0.563,1.241
sports SUV,1971.757,4346.98
outdoor wooden sailboat,8125.396,17913.432
lightweight glass scissors,0.072,0.159
small rubber ceramic mug,0.332,0.732
lightweight plastic power drill,1.505,3.318
small rubber mouse,0.021,0.046
lightweight wooden moose,347.502,766.111
small plastic chocolate bar,0.04,0.088
kitchen wooden glue stick,0.043,0.095
heavy-duty rubber train car,35822.713,78975.563
outdoor plastic sparrow,0.023,0.051
plastic washing machine,62.002,136.691
garage plastic paint brush,0.13,0.287
kitchen metal skunk,4.065,8.962
heavy-duty metal potato,0.33,0.728
bathroom eagle,6.132,13.519
garage salmon,4.155,9.16
small glass motorboat,2745.52,6052.836
lightweight glass bagel,0.098,0.216
office fox,6.432,14.18
garage glass calculator,0.224,0.494
bedroom shark,484.537,1068.221
classroom glass power bank,0.273,0.602
heavy-duty clothes dryer,65.581,144.581
small metal chocolate bar,0.044,0.097
small ceramic squirrel,0.484,1.067
small plastic otter,7.565,16.678
basketball,0.589,1.299
kitchen wooden mattress,30.033,66.211
large rubber wrench,0.719,1.585
garage metal refrigerator,95.411,210.345
outdoor ruler,0.053,0.117
kitchen plastic air purifier,4.628,10.203
leather train car,29061.82,64070.346
kitchen plastic wooden table,17.752,39.136
garage metal paint roller,0.681,1.501
large plastic kayak,22.212,48.969
outdoor can of soda,0.389,0.858
kitchen wooden pencil sharpener,0.031,0.068
kitchen plastic phone charger,0.063,0.139
office coffee beans bag,0.477,1.052
outdoor metal gecko,0.065,0.143
small plastic fire extinguisher,2.639,5.818
standard llama,144.839,319.315
lightweight glass pliers,0.311,0.686
kitchen pigeon,0.362,0.798
heavy-duty wooden airplane,47633.358,105013.579
metal beaver,21.493,47.384
outdoor glass eagle,5.871,12.943
kitchen eagle,6.237,13.75
classroom plastic black bear,134.955,297.525
classroom glass bath towel,0.611,1.347
kitchen plastic loaf of bread,0.577,1.272
small rubber tuna,43.748,96.448
large metal hamster,0.163,0.359
garage wooden hawk,1.162,2.562
heavy-duty ceramic blueberry,0.002,0.004
heavy-duty pear,0.223,0.492
lightweight plastic bowl,0.346,0.763
metal ladybug,0.001,0.002
leather gecko,0.059,0.13
large rubber paint roller,0.638,1.407
heavy-duty ceramic soccer ball,0.526,1.16
heavy-duty plastic ceramic mug,0.435,0.959
outdoor wooden eagle,5.937,13.089
rubber orange,0.185,0.408
glass pear,0.186,0.41
outdoor metal cow,673.661,1485.168
outdoor glass frog,0.056,0.123
lightweight kitchen chair,3.867,8.525
compact spoon,0.033,0.073
bathroom dishwasher,43.244,95.337
bedroom eraser,0.02,0.044
outdoor plastic bed frame,30.134,66.434
leather bag of chips,0.191,0.421
heavy-duty plastic phone charger,0.079,0.174
kitchen plastic carton of milk,0.916,2.019
large wooden toaster,2.182,4.81
outdoor glass printer,9.158,20.19
garage blanket,1.398,3.082
metal motorcycle,218.179,481.002
heavy-duty metal eagle,8.354,18.417
small plastic running shoes,0.615,1.356
outdoor piece of paper,0.005,0.011
leather pickup truck,2576.609,5680.45
bedroom spoon,0.042,0.093
outdoor plastic game controller,0.243,0.536
kitchen glass zebra,343.666,757.654
folding pineapple,1.54,3.395
large television,11.995,26.444
office kitchen chair,5.157,11.369
heavy-duty ceramic fork,0.052,0.115
lightweight plastic orca,3788.266,8351.697
portable rake,1.137,2.507
small glass laptop computer,1.425,3.142
kitchen metal baseball,0.156,0.344
large ceramic pear,0.214,0.472
large wooden ferret,1.352,2.981
classroom wooden koala,11.432,25.203
glass broccoli,0.414,0.913
classroom shovel,1.415,3.12
paper wheelbarrow,21.369,47.111
small metal elk,304.573,671.469
outdoor ceramic tiger,243.986,537.897
office colored pencil,0.005,0.011
heavy-duty ceramic axe,2.713,5.981
sofa,46.698,102.951
classroom ceramic tape dispenser,0.358,0.789
office electric scooter,17.141,37.789
outdoor plastic snake,1.751,3.86
pineapple,1.57,3.461
standard guppy,0.005,0.011
paper rake,1.108,2.443
small rubber door,19.219,42.371
leather jar of peanut butter,1.041,2.295
small circular saw,3.41,7.518
lightweight plastic goldfish,0.024,0.053
outdoor ceramic tennis ball,0.06,0.132
large jellyfish,1.135,2.502
garage ceramic chipmunk,0.107,0.236
compact shark,470.986,1038.346
large rubber blanket,1.746,3.849
heavy-duty metal coffee maker,3.689,8.133
garage strawberry,0.012,0.026
heavy-duty ceramic onion,0.2,0.441
plastic pillow,0.877,1.933
lightweight laptop computer,1.318,2.906
folding frog,0.046,0.101
classroom ceramic cucumber,0.322,0.71
kitchen kayak,21.594,47.607
outdoor ceramic otter,10.38,22.884
small pickup truck,2177.777,4801.176
kitchen glass utility flashlight,0.221,0.487
large rubber pear,0.207,0.456
small rubber colored pencil,0.004,0.009
small metal tennis ball,0.055,0.121
kitchen ceramic sea turtle,192.105,423.519
kitchen sweet potato,0.294,0.648
metal gloves,0.126,0.278
outdoor metal potato,0.276,0.608
glass ant,0.003,0.007
portable piece of paper,0.005,0.011
heavy-duty rubber rat,0.406,0.895
classroom plastic ferret,1.177,2.595
heavy-duty ceramic tiger,270.693,596.776
kitchen plastic bookshelf,21.797,48.054
small ceramic yogurt cup,0.161,0.355
standard kitchen towel,0.196,0.432
standard horse,531.431,1171.605
kitchen wooden eagle,6.256,13.792
outdoor glass train car,29219.061,64417.003
lightweight rubber lizard,0.145,0.32
ceramic pencil,0.007,0.015
heavy-duty metal compact car,1653.437,3645.205
lightweight wooden sea lion,260.964,575.327
glass blender,3.414,7.527
garage metal bagel,0.116,0.256
metal pickup truck,2556.916,5637.035
outdoor plastic notebook,0.343,0.756
small wooden sweet potato,0.26,0.573
lightweight glass carrot,0.054,0.119
bathroom phone charger,0.075,0.165
small rubber tape roll,0.065,0.143
outdoor washing machine,70.866,156.233
standard headphones,0.26,0.573
large bagel,0.134,0.295
small glass giraffe,709.758,1564.749
garage broccoli,0.376,0.829
garage metal elk,376.762,830.618
outdoor wooden giraffe,767.153,1691.283
lizard,0.209,0.461
glass flour bag,2.25,4.96
heavy-duty ceramic pear,0.214,0.472
small ceramic dozen eggs,0.665,1.466
bedroom otter,9.614,21.195
garage plastic sparrow,0.023,0.051
lightweight metal SUV,1816.03,4003.661
outdoor wooden head of lettuce,0.394,0.869
outdoor ceramic grizzly bear,267.412,589.543
heavy-duty backpack,1.11,2.447
garage wooden crab,1.635,3.605
bathroom shovel,1.555,3.428
standard eagle,6.097,13.442
heavy-duty wooden fork,0.046,0.101
bagel,0.114,0.251
lightweight ceramic whale,26425.507,58258.271
heavy-duty wooden guppy,0.006,0.013
garage metal domestic cat,4.899,10.8
large pillow,1.078,2.377
bedroom sailboat,7513.54,16564.52
heavy-duty plastic wheelbarrow,23.334,51.443
large rubber chipmunk,0.111,0.245
heavy-duty plastic cow,745.857,1644.333
large rubber muffin,0.113,0.249
classroom ceramic chocolate bar,0.05,0.11
paper orca,4996.719,11015.88
kitchen glass compact car,1286.921,2837.175
large ceramic crab,1.786,3.937
heavy-duty plastic lunch box,0.362,0.798
classroom wooden screwdriver,0.273,0.602
garage ceramic headphones,0.252,0.556
kitchen glass socks,0.058,0.128
lightweight wooden bowl,0.408,0.899
jar of peanut butter,1.134,2.5
plastic llama,133.259,293.786
large metal owl,2.442,5.384
heavy-duty glass school bus,16553.82,36494.926
rubber desktop computer,7.664,16.896
wooden pear,0.188,0.414
glass colored pencil,0.005,0.011
heavy-duty wooden eagle,7.468,16.464
heavy-duty toad,0.09,0.198
small rubber skateboard,1.704,3.757
outdoor metal cucumber,0.315,0.694
garage metal potato,0.264,0.582
lightweight plastic utility flashlight,0.152,0.335
bathroom hedgehog,0.73,1.609
heavy-duty wooden butter stick,0.143,0.315
leather running shoes,0.853,1.881
large rubber basketball,0.671,1.479
heavy-duty glass rat,0.425,0.937
sports piece of paper,0.005,0.011
classroom metal turkey,9.049,19.95
metal electric scooter,21.072,46.456
garage plastic turtle,2.886,6.363
kitchen wooden utility flashlight,0.195,0.43
ceramic frog,0.053,0.117
heavy-duty plastic tennis ball,0.064,0.141
kitchen metal socks,0.061,0.134
outdoor wooden socks,0.057,0.126
lightweight wooden skunk,3.497,7.71
heavy-duty plastic wooden table,21.437,47.26
heavy-duty rubber kayak,24.987,55.087
large ceramic running shoes,0.98,2.161
kitchen plastic bluetooth speaker,0.54,1.19
bedroom rake,1.176,2.593
folding black bear,151.389,333.756
kitchen ceramic clothes dryer,54.537,120.234
metal bagel,0.114,0.251
large metal baseball cap,0.118,0.26
outdoor wooden armchair,24.643,54.329
garage plastic sofa,40.149,88.513
large wooden gloves,0.147,0.324
large wooden power drill,2.459,5.421
large ceramic utility flashlight,0.242,0.534
bedroom lunch box,0.33,0.728
outdoor wooden power bank,0.274,0.604
garage dishwasher,44.699,98.544
small phone charger,0.059,0.13
folding turtle,3.02,6.658
small wooden binder,0.557,1.228
large rubber baseball bat,1.044,2.302
large rubber computer monitor,4.196,9.251
classroom metal table knife,0.067,0.148
standard domestic cat,4.581,10.099
bedroom wolf,42.176,92.982
lightweight plastic head of lettuce,0.311,0.686
paper bag of chips,0.18,0.397
small baseball,0.128,0.282
large eagle,6.793,14.976
large ceramic power bank,0.286,0.631
paper large dog,41.97,92.528
heavy-duty tomato,0.229,0.505
large metal piece of paper,0.006,0.013
small rubber kangaroo,71.055,156.649
lightweight donkey,298.098,657.194
wooden phone charger,0.07,0.154
kitchen ceramic scarf,0.205,0.452
large wooden measuring tape,0.355,0.783
whale,31597.16,69659.814
kitchen ceramic clipboard,0.462,1.019
bedroom power drill,2.189,4.826
outdoor wooden lawn mower,32.699,72.089
running shoes,0.798,1.759
garage penguin,30.292,66.782
lightweight tape dispenser,0.263,0.58
outdoor plastic utility flashlight,0.17,0.375
wooden pigeon,0.344,0.758
outdoor plastic blueberry,0.002,0.004
small rubber grizzly bear,238.486,525.772
lightweight wooden paint brush,0.132,0.291
bathroom domestic cat,4.693,10.346
small glass bicycle,11.58,25.53
garage wooden bookshelf,26.875,59.249
office rabbit,1.962,4.325
classroom plastic air purifier,4.428,9.762
large rubber turkey,8.578,18.911
heavy-duty metal pencil sharpener,0.042,0.093
heavy-duty plastic shark,592.139,1305.443
large rubber stapler,0.269,0.593
metal seal,103.859,228.97
rubber pineapple,1.384,3.051
small ceramic butterfly,0.001,0.002
sports bowl,0.53,1.168
lightweight rubber smartphone,0.151,0.333
heavy-duty ceramic glass cup,0.342,0.754
small octopus,13.504,29.771
garage plastic kayak,19.209,42.349
ceramic kettle,1.118,2.465
portable tuna,48.418,106.743
plastic block of cheese,0.487,1.074
garage plastic medium dog,19.169,42.26
office medium dog,22.466,49.529
kitchen ceramic notebook,0.345,0.761
large glass school bus,15900.415,35054.415
small delivery van,2417.387,5329.426
large sparrow,0.029,0.064
small glass zebra,292.555,644.973
kitchen wooden kayak,20.145,44.412
rubber koala,12.6,27.778
garage onion,0.158,0.348
outdoor wooden lunch box,0.365,0.805
office armchair,23.404,51.597
rubber moose,411.036,906.179
glass bath towel,0.585,1.29
standard piece of paper,0.005,0.011
lightweight wooden scarf,0.161,0.355
paper domestic cat,4.304,9.489
lightweight watermelon,3.95,8.708
lightweight plastic paint roller,0.473,1.043
classroom clothes dryer,58.1,128.089
ceramic water bottle,1.004,2.213
lightweight metal screwdriver,0.228,0.503
rubber blueberry,0.002,0.004
classroom metal watermelon,5.327,11.744
large glass game controller,0.319,0.703
garage wooden textbook,1.261,2.78
ceramic dishwasher,51.419,113.359
lightweight metal raccoon,7.548,16.64
leather beaver,19.518,43.03
large ceramic small dog,6.798,14.987
heavy-duty plastic blender,3.685,8.124
heavy-duty rubber ant,0.004,0.009
small glass binder,0.502,1.107
garage ceramic textbook,1.271,2.802
kitchen wooden duck,3.116,6.87
heavy-duty rubber owl,2.039,4.495
heavy-duty wooden kitchen chair,6.08,13.404
lightweight plastic carrot,0.046,0.101
heavy-duty plastic dozen eggs,0.771,1.7
bedroom clipboard,0.475,1.047
heavy-duty ceramic mattress,37.427,82.512
lightweight glass jeans,0.62,1.367
large glass water bottle,1.225,2.701
compact sparrow,0.024,0.053
heavy-duty ceramic ice cream tub,1.334,2.941
classroom plastic baseball,0.144,0.317
classroom ceramic bookshelf,24.706,54.467
rubber kangaroo,84.505,186.302
large glass goose,6.311,13.913
bedroom donkey,383.198,844.807
garage plastic bowl,0.494,1.089
paper school bus,14462.964,31885.378
small electric scooter,16.452,36.27
lightweight wooden koala,10.531,23.217
small squirrel,0.491,1.082
small turkey,6.99,15.41
small glass ice cream tub,0.897,1.978
folding crow,0.501,1.105
rubber wolf,47.043,103.712
outdoor wooden refrigerator,87.497,192.898
outdoor metal pig,137.991,304.218
classroom wooden gloves,0.119,0.262
garage rat,0.33,0.728
lightweight bottle of juice,0.888,1.958
lightweight plastic bluetooth speaker,0.458,1.01
outdoor ice cream tub,0.963,2.123
large rabbit,2.213,4.879
lightweight wooden chicken,1.958,4.317
garage plastic bicycle,13.104,28.889
small wooden bicycle,11.517,25.391
office water bottle,0.958,2.112
classroom ceramic pear,0.202,0.445
classroom grape,0.005,0.011
outdoor wooden sofa,44.206,97.458
kitchen glass cup,0.25,0.551
bedroom deer,91.848,202.49
bedroom hedgehog,0.729,1.607
outdoor wooden squirrel,0.591,1.303
lightweight ceramic dolphin,179.994,396.819
portable power drill,2.09,4.608
large rubber sedan car,1784.255,3933.609
kitchen pliers,0.37,0.816
classroom plastic banana,0.105,0.231
large ceramic mug,0.444,0.979
ceramic stapler,0.246,0.542
outdoor wooden small dog,5.951,13.12
heavy-duty ceramic hammer,1.178,2.597
garage ceramic guppy,0.005,0.011
standard squirrel,0.572,1.261
classroom metal shark,516.822,1139.397
small wooden koala,10.916,24.066
garage glass lamp,2.172,4.788
office kitchen towel,0.206,0.454
garage plastic pig,108.333,238.833
penguin,31.579,69.62
heavy-duty ceramic basketball,0.738,1.627
sports sea lion,305.216,672.886
classroom wooden lobster,1.151,2.538
heavy-duty microwave oven,15.065,33.213
large ceramic bed frame,41.452,91.386
garage glass bluetooth speaker,0.606,1.336
heavy-duty glass potato,0.305,0.672
plastic fox,5.766,12.712
garage glass electric scooter,20.031,44.161
lightweight kitchen towel,0.148,0.326
small metal sofa,38.938,85.844
heavy-duty SUV,2580.656,5689.373
lightweight large dog,31.626,69.723
office soccer ball,0.407,0.897
leather baseball,0.15,0.331
garage ceramic elk,313.821,691.857
garage metal glass cup,0.3,0.661
outdoor raccoon,8.281,18.256
garage wooden bag of chips,0.188,0.414
small metal butter stick,0.096,0.212
outdoor plastic lawn mower,31.709,69.906
classroom wooden hawk,1.31,2.888
small ceramic muffin,0.089,0.196
large plastic orca,5400.159,11905.313
garage glass door,26.442,58.295
garage ceramic utility flashlight,0.2,0.441
heavy-duty ceramic phone charger,0.087,0.192
garage binder,0.574,1.265
lightweight metal hamster,0.103,0.227
outdoor plastic tape dispenser,0.322,0.71
heavy-duty rubber lion,217.963,480.526
portable duck,2.74,6.041
large glass kettle,1.117,2.463
small glass pigeon,0.313,0.69
small rubber scarf,0.169,0.373
heavy-duty plastic muffin,0.102,0.225
paper glass cup,0.276,0.608
kitchen metal ruler,0.054,0.119
large wooden pencil,0.007,0.015
kitchen ceramic toaster,1.822,4.017
lightweight plastic rat,0.265,0.584
garage metal ceramic mug,0.429,0.946
small plastic gecko,0.047,0.104
garage frog,0.053,0.117
classroom metal kettle,1.183,2.608
outdoor wooden seal,94.875,209.164
outdoor plastic tiger,205.803,453.718
rubber bagel,0.101,0.223
garage seagull,0.994,2.191
small sailboat,7047.458,15536.985
heavy-duty wooden coffee beans bag,0.593,1.307
large metal baseball bat,1.21,2.668
heavy-duty ceramic moose,575.557,1268.886
large metal bottle of juice,1.3,2.866
classroom honeybee,0.001,0.002
small rubber belt,0.148,0.326
garage ceramic banana,0.135,0.298
heavy-duty wooden kitchen towel,0.257,0.567
office donkey,376.28,829.555
paper desktop computer,8.151,17.97
kitchen ceramic school bus,15613.974,34422.92
plastic orca,4942.028,10895.307
outdoor plastic butterfly,0.001,0.002
outdoor plastic motorboat,2748.759,6059.976
heavy-duty rubber sofa,53.057,116.971
heavy-duty ceramic snake,2.728,6.014
outdoor glass t-shirt,0.177,0.39
bathroom sofa,46.563,102.654
outdoor wooden otter,9.988,22.02
heavy-duty ceramic hoodie,0.72,1.587
large wooden smoke detector,0.203,0.448
large wooden window,20.761,45.77
garage glass crow,0.56,1.235
large ceramic spoon,0.052,0.115
lightweight gloves,0.099,0.218
heavy-duty plastic orange,0.222,0.489
wooden wireless router,0.342,0.754
classroom wooden carrot,0.066,0.146
kitchen glass lizard,0.195,0.43
garage wooden power bank,0.243,0.536
garage wooden paint brush,0.145,0.32
large wooden coffee maker,3.32,7.319
outdoor metal basketball,0.698,1.539
compact bookshelf,21.615,47.653
lightweight ceramic pencil,0.005,0.011
garage glass rake,1.318,2.906
small can of soda,0.295,0.65
kitchen hand saw,0.698,1.539
small plastic cow,487.186,1074.061
kitchen wooden digital camera,0.509,1.122
compact grape,0.004,0.009
outdoor glass tennis racket,0.31,0.683
outdoor small dog,6.34,13.977
kitchen plastic turtle,2.939,6.479
small metal highlighter,0.014,0.031
heavy-duty wooden chipmunk,0.131,0.289
outdoor glass paint brush,0.159,0.351
large plastic rake,1.336,2.945
garage glass can of soda,0.396,0.873
garage metal hockey puck,0.176,0.388
lightweight rubber tuna,39.295,86.631
small metal microwave oven,12.765,28.142
classroom plastic bath towel,0.561,1.237
small ceramic ice cream tub,0.842,1.856
small rubber seagull,0.893,1.969
plastic SUV,1920.804,4234.648
large wooden orca,6113.703,13478.408
bathroom block of cheese,0.52,1.146
kitchen tablet,0.535,1.179
heavy-duty metal blender,3.963,8.737
small rubber bowl,0.391,0.862
sports goose,4.631,10.21
ceramic ice cream tub,1.106,2.438
kitchen banana,0.127,0.28
kangaroo,87.614,193.156
small turtle,2.499,5.509
outdoor plastic bag of chips,0.155,0.342
kitchen metal lunch box,0.355,0.783
